-- MySQL dump 10.13  Distrib 8.0.38, for Win64 (x86_64)
--
-- Host: localhost    Database: db_taxi
-- ------------------------------------------------------
-- Server version	8.0.39

/*!40101 SET @OLD_CHARACTER_SET_CLIENT=@@CHARACTER_SET_CLIENT */;
/*!40101 SET @OLD_CHARACTER_SET_RESULTS=@@CHARACTER_SET_RESULTS */;
/*!40101 SET @OLD_COLLATION_CONNECTION=@@COLLATION_CONNECTION */;
/*!50503 SET NAMES utf8 */;
/*!40103 SET @OLD_TIME_ZONE=@@TIME_ZONE */;
/*!40103 SET TIME_ZONE='+00:00' */;
/*!40014 SET @OLD_UNIQUE_CHECKS=@@UNIQUE_CHECKS, UNIQUE_CHECKS=0 */;
/*!40014 SET @OLD_FOREIGN_KEY_CHECKS=@@FOREIGN_KEY_CHECKS, FOREIGN_KEY_CHECKS=0 */;
/*!40101 SET @OLD_SQL_MODE=@@SQL_MODE, SQL_MODE='NO_AUTO_VALUE_ON_ZERO' */;
/*!40111 SET @OLD_SQL_NOTES=@@SQL_NOTES, SQL_NOTES=0 */;

--
-- Table structure for table `det_viaje`
--

DROP TABLE IF EXISTS `det_viaje`;
/*!40101 SET @saved_cs_client     = @@character_set_client */;
/*!50503 SET character_set_client = utf8mb4 */;
CREATE TABLE `det_viaje` (
  `id_det_viaje` int NOT NULL AUTO_INCREMENT,
  `viaje_id` int DEFAULT NULL,
  `origen_id` varchar(500) DEFAULT NULL,
  `destino_id` varchar(500) DEFAULT NULL,
  `factura_id` int DEFAULT '0',
  `vehiculo` varchar(150) DEFAULT NULL,
  `no_maletas` int DEFAULT NULL,
  `no_pasajeros` int DEFAULT NULL,
  `nombre` varchar(500) DEFAULT NULL,
  `correo` varchar(150) DEFAULT NULL,
  `telefono` varchar(15) DEFAULT NULL,
  `tipo_pago` varchar(50) DEFAULT NULL,
  PRIMARY KEY (`id_det_viaje`)
) ENGINE=InnoDB AUTO_INCREMENT=36 DEFAULT CHARSET=utf8mb3;
/*!40101 SET character_set_client = @saved_cs_client */;

--
-- Dumping data for table `det_viaje`
--

LOCK TABLES `det_viaje` WRITE;
/*!40000 ALTER TABLE `det_viaje` DISABLE KEYS */;
INSERT INTO `det_viaje` VALUES (1,1,'1','1',0,'',4,4,'Jaded Enrique Ruiz Pech','jadedruiz19995@gmail.com','9992726485','Efectivo'),(2,2,'1','1',0,'',4,4,'pureba','jaded@gmail.com','9992726485','Efectivo'),(3,3,'1','1',0,'',4,4,'Jaded Enrique Ruiz Pech','jadedruiz@gmail.com','9992726485','Efectivo'),(4,4,'1','1',0,'',4,4,'Jaded Enrique Ruiz Pech','jadedruiz19995@gmail.com','9992726485','Efectivo'),(5,5,'1','1',0,'',4,4,'Jaded Enrique Ruiz Pech','jadedruiz19995@gmail.com','9992726485','Efectivo'),(6,6,'1','1',0,'',4,4,'Jaded Enrique Ruiz Pech','jadedruiz19995@gmail.com','9992726485','Efectivo'),(7,7,'1','1',0,'',4,4,'Jaded Enrique Ruiz Pech','jadedruiz19995@gmail.com','9992726485','Efectivo'),(8,8,'1','1',0,'',4,4,'Jaded Enrique Ruiz Pech','enriqueruiz19995@gmail.com','999276485','Efectivo'),(9,9,'1','1',0,'',4,4,'Jaded Enrique Ruiz Pech','jadedruiz19995@gmail.com','9992726485','Efectivo'),(10,10,'1','199',0,'',4,4,'Jaded Enrique Ruiz Pech','enriqueruiz19995@gmail.com','9992726485','Efectivo'),(11,11,'1','1',0,'',4,4,'Jaded Enrique Ruiz Pech','enriqueruiz19995@gmail.com','9992726485','Efectivo'),(12,12,'1','199',0,'',4,4,'Jaded Enrique Ruiz Pech','razonable3500@gmail.com','9992726485','Efectivo'),(13,13,'1','78',0,'',4,4,'OMAR CRUZ','OMARCRUZ.ROBLES@GMAIL.COM','9993045485','Efectivo'),(14,14,'1','4',0,'',4,4,'Juan','juan_premier@hotmail.com','9992178525','Efectivo'),(15,15,'1','6',0,'',4,4,'Cris','juan_premier@hotmail.com','12345566','Efectivo'),(16,16,'1','2',0,'',4,4,'adsasdads','jadedruiz19995@gmail.com','9992726485','Efectivo'),(17,17,'1','2',0,'',4,4,'Cristho','cristhopperruiz@gmail.com','5550572012','Efectivo'),(18,18,'1','206',0,'',4,4,'Camaro','cristhopperruiz@gmail.com','9999979947','Efectivo'),(19,20,'3','4',0,'MG M5 Series',4,4,'WILLY PERAZA','felixpm21@gmai.com','+529993895423','PayPal'),(20,21,'3','5',0,'MG M5 Series',4,4,'OMAR CRUZ','omarcruz.robles@gmail.com','+529993045485','Cash'),(21,22,'3','6',0,'MG M5 Series',4,4,'OMAR CRUZ','omarcruz.robles@gmail.com','+529993045485','Cash'),(22,23,'3','7',0,'MG M5 Series',4,4,'OMAR CRUZ','Omarcruz.robles@gmail.com','+529993045485','Cash'),(23,24,'3','8',0,'BYD KING',4,4,'RAUL GONZALEZ','raulg7508@gmail.com','+529991089068','Credit card on pickup'),(24,25,'3','8',0,'MG M5 Series',4,4,'OMAR CRUZ','omarcruz.robles@gmail.com','+529993045485','Cash'),(25,26,'1','1',0,'',4,4,'felix','felix@gmail.com','6968473809','Efectivo'),(26,27,'1',NULL,0,'',4,4,'Gilbert Torres','omar.gilbert1148@gmail.com','9999979947','Efectivo'),(27,28,'1','367',0,'',4,4,'Higo','hugo.cantoe@outlook.com','9992469620','Efectivo'),(28,29,'1','4',0,'',4,4,'Hugo','hugo.cantoe@outlook.com','9992469620','Efectivo'),(29,30,'1','1',0,'',4,4,'esto es una prueba','enriqueruiz19995@gmail.com','9992726485','Efectivo'),(30,31,'1','159',0,'',4,4,'Omar','omarcruz.robles@gmail.com','9993045485','Efectivo'),(31,32,'9','10',0,'MG M5 Series',4,4,'OMAR CRUZ NAVARRO','Omarcruz.robles@gmail.com','+529993045485','Cash'),(32,33,'9','10',0,'MG M5 Series',4,4,'OMAR CRUZ NAVARRO','Omarcruz.robles@gmail.com','+529993045485','Cash'),(33,34,'9','10',0,'MG M5 Series',4,4,'OMAR CRUZ NAVARRO','Omarcruz.robles@gmail.com','+529993045485','Cash'),(35,36,'9','10',0,'MG M5 Series',4,4,'OMAR CRUZ NAVARRO','Omarcruz.robles@gmail.com','+529993045485','Cash');
/*!40000 ALTER TABLE `det_viaje` ENABLE KEYS */;
UNLOCK TABLES;

--
-- Table structure for table `rel_menu_usuario`
--

DROP TABLE IF EXISTS `rel_menu_usuario`;
/*!40101 SET @saved_cs_client     = @@character_set_client */;
/*!50503 SET character_set_client = utf8mb4 */;
CREATE TABLE `rel_menu_usuario` (
  `id_menu_usuario` int NOT NULL AUTO_INCREMENT,
  `usuario_id` int DEFAULT NULL,
  `menu_id` int DEFAULT NULL,
  `dtCreacion` datetime DEFAULT NULL,
  `activo` int DEFAULT NULL,
  PRIMARY KEY (`id_menu_usuario`)
) ENGINE=InnoDB AUTO_INCREMENT=9 DEFAULT CHARSET=utf8mb3;
/*!40101 SET character_set_client = @saved_cs_client */;

--
-- Dumping data for table `rel_menu_usuario`
--

LOCK TABLES `rel_menu_usuario` WRITE;
/*!40000 ALTER TABLE `rel_menu_usuario` DISABLE KEYS */;
INSERT INTO `rel_menu_usuario` VALUES (1,1,1,'2024-10-12 00:00:00',1),(2,1,2,'2024-10-12 00:00:00',1),(3,2,1,'2024-10-12 00:00:00',1),(4,3,1,'2024-10-12 00:00:00',1),(5,2,3,'2024-10-12 00:00:00',1),(6,4,1,'2024-10-12 00:00:00',1),(7,5,1,'2024-10-12 00:00:00',1),(8,5,3,'2024-10-12 00:00:00',NULL);
/*!40000 ALTER TABLE `rel_menu_usuario` ENABLE KEYS */;
UNLOCK TABLES;

--
-- Table structure for table `rel_vehiculo_operador`
--

DROP TABLE IF EXISTS `rel_vehiculo_operador`;
/*!40101 SET @saved_cs_client     = @@character_set_client */;
/*!50503 SET character_set_client = utf8mb4 */;
CREATE TABLE `rel_vehiculo_operador` (
  `id_vehiculo_operador` int NOT NULL AUTO_INCREMENT,
  `operador_id` int DEFAULT NULL,
  `vehiculo_id` int DEFAULT NULL,
  `dtCreacion` datetime DEFAULT NULL,
  `activo` int DEFAULT NULL,
  PRIMARY KEY (`id_vehiculo_operador`)
) ENGINE=InnoDB AUTO_INCREMENT=9 DEFAULT CHARSET=utf8mb3;
/*!40101 SET character_set_client = @saved_cs_client */;

--
-- Dumping data for table `rel_vehiculo_operador`
--

LOCK TABLES `rel_vehiculo_operador` WRITE;
/*!40000 ALTER TABLE `rel_vehiculo_operador` DISABLE KEYS */;
INSERT INTO `rel_vehiculo_operador` VALUES (6,1,2,'2024-11-10 12:59:15',1),(7,5,1,'2024-11-10 01:07:39',1),(8,8,3,'2024-11-10 01:07:45',1);
/*!40000 ALTER TABLE `rel_vehiculo_operador` ENABLE KEYS */;
UNLOCK TABLES;

--
-- Table structure for table `rel_viaje_vehiculo_operador`
--

DROP TABLE IF EXISTS `rel_viaje_vehiculo_operador`;
/*!40101 SET @saved_cs_client     = @@character_set_client */;
/*!50503 SET character_set_client = utf8mb4 */;
CREATE TABLE `rel_viaje_vehiculo_operador` (
  `id_viaje_vehiculo_operador` int NOT NULL AUTO_INCREMENT,
  `viaje_id` int DEFAULT NULL,
  `vehiculo_operador_id` int DEFAULT NULL,
  `dtCreacion` datetime DEFAULT NULL,
  `activo` int DEFAULT NULL,
  PRIMARY KEY (`id_viaje_vehiculo_operador`)
) ENGINE=InnoDB AUTO_INCREMENT=7 DEFAULT CHARSET=utf8mb3;
/*!40101 SET character_set_client = @saved_cs_client */;

--
-- Dumping data for table `rel_viaje_vehiculo_operador`
--

LOCK TABLES `rel_viaje_vehiculo_operador` WRITE;
/*!40000 ALTER TABLE `rel_viaje_vehiculo_operador` DISABLE KEYS */;
INSERT INTO `rel_viaje_vehiculo_operador` VALUES (2,24,2,'2024-10-27 08:48:44',1),(3,25,2,'2024-10-27 08:53:02',1),(4,24,1,'2024-10-27 10:21:25',1),(5,23,2,'2024-11-03 02:25:03',1),(6,21,1,'2024-11-03 02:27:22',1);
/*!40000 ALTER TABLE `rel_viaje_vehiculo_operador` ENABLE KEYS */;
UNLOCK TABLES;

--
-- Table structure for table `tbl_destinos`
--

DROP TABLE IF EXISTS `tbl_destinos`;
/*!40101 SET @saved_cs_client     = @@character_set_client */;
/*!50503 SET character_set_client = utf8mb4 */;
CREATE TABLE `tbl_destinos` (
  `id_destino` int NOT NULL AUTO_INCREMENT,
  `direccion_id` int DEFAULT NULL,
  `destino` varchar(500) DEFAULT NULL,
  `precio` varchar(10) DEFAULT NULL,
  `distancia` varchar(10) DEFAULT NULL,
  `duracion` varchar(5) DEFAULT NULL,
  `date_creacion` datetime DEFAULT NULL,
  `activo` int DEFAULT NULL,
  PRIMARY KEY (`id_destino`)
) ENGINE=InnoDB AUTO_INCREMENT=507 DEFAULT CHARSET=utf8mb3;
/*!40101 SET character_set_client = @saved_cs_client */;

--
-- Dumping data for table `tbl_destinos`
--

LOCK TABLES `tbl_destinos` WRITE;
/*!40000 ALTER TABLE `tbl_destinos` DISABLE KEYS */;
INSERT INTO `tbl_destinos` VALUES (1,1,'CENTRO CONVENCIONES YUCATAN SIGLO XXI','185','30 km','30:00','2024-09-09 00:00:00',1),(2,NULL,'CIUDAD CAUCEL','250',NULL,NULL,'2024-09-11 00:00:00',1),(3,NULL,'GRAN SANTA FE','250',NULL,NULL,'2024-09-11 00:00:00',1),(4,NULL,'GRAN SANTA FE II','250',NULL,NULL,'2024-09-11 00:00:00',1),(5,NULL,'CERRADAS GRAN SANTA FE','250',NULL,NULL,'2024-09-11 00:00:00',1),(6,NULL,'CAUCEL II','250',NULL,NULL,'2024-09-11 00:00:00',1),(7,NULL,'GRAN SANTA FE NORTE','250',NULL,NULL,'2024-09-11 00:00:00',1),(8,NULL,'SIAN KA´AN','250',NULL,NULL,'2024-09-11 00:00:00',1),(9,NULL,'SIAN KA´AN II','250',NULL,NULL,'2024-09-11 00:00:00',1),(10,NULL,'GRAN SANTA FE NORTE II','250',NULL,NULL,'2024-09-11 00:00:00',1),(11,NULL,'SIAN KA´AN III','250',NULL,NULL,'2024-09-11 00:00:00',1),(12,NULL,'SIAN KA´AN IV','250',NULL,NULL,'2024-09-11 00:00:00',1),(13,NULL,'SIAN KA´AN V','250',NULL,NULL,'2024-09-11 00:00:00',1),(14,NULL,'PIEDRA NORTE CAUCEL','250',NULL,NULL,'2024-09-11 00:00:00',1),(15,NULL,'GRAN SANTA FE NORTE III','250',NULL,NULL,'2024-09-11 00:00:00',1),(16,NULL,'PARAISO SANTA FE ','250',NULL,NULL,'2024-09-11 00:00:00',1),(17,NULL,'CEIBA II','350',NULL,NULL,'2024-09-11 00:00:00',1),(18,NULL,'CEIBA','300',NULL,NULL,'2024-09-11 00:00:00',1),(19,NULL,'LOS HEROES','250',NULL,NULL,'2024-09-11 00:00:00',1),(20,NULL,'LOS HEROES II','250',NULL,NULL,'2024-09-11 00:00:00',1),(21,NULL,'FLORESTA RESIDENCIAL','250',NULL,NULL,'2024-09-11 00:00:00',1),(22,NULL,'PUNTA ESMERALDA','250',NULL,NULL,'2024-09-11 00:00:00',1),(23,NULL,'GUADALUPE CHOLUL ','300',NULL,NULL,'2024-09-11 00:00:00',1),(24,NULL,'GRANJAS CHOLUL','300',NULL,NULL,'2024-09-11 00:00:00',1),(25,NULL,'SAN PEDRO CHOLUL','200',NULL,NULL,'2024-09-11 00:00:00',1),(26,NULL,'BOGDAN','300',NULL,NULL,'2024-09-11 00:00:00',1),(27,NULL,'CHOLUL','250',NULL,NULL,'2024-09-11 00:00:00',1),(28,NULL,'CHOLUL 26','250',NULL,NULL,'2024-09-11 00:00:00',1),(29,NULL,'CHOLUL 103','250',NULL,NULL,'2024-09-11 00:00:00',1),(30,NULL,'CLOVERLEAF CHOLUL','300',NULL,NULL,'2024-09-11 00:00:00',1),(31,NULL,'LAS FINCAS CHOLUL','420',NULL,NULL,'2024-09-11 00:00:00',1),(32,NULL,'VIDA VERDE','330',NULL,NULL,'2024-09-11 00:00:00',1),(33,NULL,'ALURA','300',NULL,NULL,'2024-09-11 00:00:00',1),(34,NULL,'BOSQUES DE CHOLUL','300',NULL,NULL,'2024-09-11 00:00:00',1),(35,NULL,'JALAPA','300',NULL,NULL,'2024-09-11 00:00:00',1),(36,NULL,'RESIDENCIAL CAMPESTRE VILADIU','300',NULL,NULL,'2024-09-11 00:00:00',1),(37,NULL,'MALLORCA','250',NULL,NULL,'2024-09-11 00:00:00',1),(38,NULL,'RESIDENCIAL QUINTA REAL','350',NULL,NULL,'2024-09-11 00:00:00',1),(39,NULL,'REAL DE DZITYA','250',NULL,NULL,'2024-09-11 00:00:00',1),(40,NULL,'RESIDENCIAL PUERTA DE PIEDRA DZITYA','250',NULL,NULL,'2024-09-11 00:00:00',1),(41,NULL,'LAS AMERICAS II','250',NULL,NULL,'2024-09-11 00:00:00',1),(42,NULL,'LAS AMERICAS III','250',NULL,NULL,'2024-09-11 00:00:00',1),(43,NULL,'LAS AMERICAS IV','280',NULL,NULL,'2024-09-11 00:00:00',1),(44,NULL,'LAS AMERICAS VI','280',NULL,NULL,'2024-09-11 00:00:00',1),(45,NULL,'ALCALA MARTIN','120',NULL,NULL,'2024-09-11 00:00:00',1),(46,NULL,'FELIPE CARRILLO PUERTO NORTE','150',NULL,NULL,'2024-09-11 00:00:00',1),(47,NULL,'MEXICO','150',NULL,NULL,'2024-09-11 00:00:00',1),(48,NULL,'MEXICO NORTE','150',NULL,NULL,'2024-09-11 00:00:00',1),(49,NULL,'MEXICO ORIENTE','150',NULL,NULL,'2024-09-11 00:00:00',1),(50,NULL,'SAN ANTONIO CINTA','150',NULL,NULL,'2024-09-11 00:00:00',1),(51,NULL,'ADOLFO LOPEZ MATEOS','130',NULL,NULL,'2024-09-11 00:00:00',1),(52,NULL,'JESUS CARRANZA','150',NULL,NULL,'2024-09-11 00:00:00',1),(53,NULL,'LAS PALMAS PETKANCHE','150',NULL,NULL,'2024-09-11 00:00:00',1),(54,NULL,'MIGUEL ALEMAN','150',NULL,NULL,'2024-09-11 00:00:00',1),(55,NULL,'PETKANCHE','150',NULL,NULL,'2024-09-11 00:00:00',1),(56,NULL,'SAN ESTEBAN','150',NULL,NULL,'2024-09-11 00:00:00',1),(57,NULL,'SAN JUAN GRANDE','180',NULL,NULL,'2024-09-11 00:00:00',1),(58,NULL,'SAN NICLOAS NORTE ','180',NULL,NULL,'2024-09-11 00:00:00',1),(59,NULL,'CHUMINOPOLIS','120',NULL,NULL,'2024-09-11 00:00:00',1),(60,NULL,'INDUSTRIAL ','120',NULL,NULL,'2024-09-11 00:00:00',1),(61,NULL,'LAZARO CARDENAS','120',NULL,NULL,'2024-09-11 00:00:00',1),(62,NULL,'MAXIMO ANCONA ','130',NULL,NULL,'2024-09-11 00:00:00',1),(63,NULL,'MAYAPAN','130',NULL,NULL,'2024-09-11 00:00:00',1),(64,NULL,'NUEVA MAYAPAN','150',NULL,NULL,'2024-09-11 00:00:00',1),(65,NULL,'CORTES SARMIENTO','120',NULL,NULL,'2024-09-11 00:00:00',1),(66,NULL,'CANTO','120',NULL,NULL,'2024-09-11 00:00:00',1),(67,NULL,'SAN JOSE ','120',NULL,NULL,'2024-09-11 00:00:00',1),(68,NULL,'SANTA ROSA','120',NULL,NULL,'2024-09-11 00:00:00',1),(69,NULL,'DELIO MORENO CANTON','100',NULL,NULL,'2024-09-11 00:00:00',1),(70,NULL,'DOLORES OTERO','100',NULL,NULL,'2024-09-11 00:00:00',1),(71,NULL,'MELITON SALAZAR','100',NULL,NULL,'2024-09-11 00:00:00',1),(72,NULL,'LIBERTAD','120',NULL,NULL,'2024-09-11 00:00:00',1),(73,NULL,'NUEVA SAMBULA','120',NULL,NULL,'2024-09-11 00:00:00',1),(74,NULL,'OBRERA ','100',NULL,NULL,'2024-09-11 00:00:00',1),(75,NULL,'SAMBULA ','120',NULL,NULL,'2024-09-11 00:00:00',1),(76,NULL,'BOJORQUEZ','100',NULL,NULL,'2024-09-11 00:00:00',1),(77,NULL,'FRANCISCO I MADERO','120',NULL,NULL,'2024-09-11 00:00:00',1),(78,NULL,'GARCIA GINERES','100',NULL,NULL,'2024-09-11 00:00:00',1),(79,NULL,'INALAMBRICA','100',NULL,NULL,'2024-09-11 00:00:00',1),(80,NULL,'LUIS CHEVERRIA ','120',NULL,NULL,'2024-09-11 00:00:00',1),(81,NULL,'PENSIONES','120',NULL,NULL,'2024-09-11 00:00:00',1),(82,NULL,'REPARTO DOLORES PATRON PENICHE','120',NULL,NULL,'2024-09-11 00:00:00',1),(83,NULL,'ROMA','120',NULL,NULL,'2024-09-11 00:00:00',1),(84,NULL,'SAN DAMIAN','130',NULL,NULL,'2024-09-11 00:00:00',1),(85,NULL,'BUENAVISTA','130',NULL,NULL,'2024-09-11 00:00:00',1),(86,NULL,'PLAN DE AYALA NORTE','150',NULL,NULL,'2024-09-11 00:00:00',1),(87,NULL,'YUCATAN','120',NULL,NULL,'2024-09-11 00:00:00',1),(88,NULL,'AMPLIACION REVOLUCION','200',NULL,NULL,'2024-09-11 00:00:00',1),(89,NULL,'AMPLIACION SODZIL ','200',NULL,NULL,'2024-09-11 00:00:00',1),(90,NULL,'BENITO JUAREZ NORTE','200',NULL,NULL,'2024-09-11 00:00:00',1),(91,NULL,'GONZALO GUERRERO','180',NULL,NULL,'2024-09-11 00:00:00',1),(92,NULL,'MONTES DE AME','180',NULL,NULL,'2024-09-11 00:00:00',1),(93,NULL,'SAN RAMON NORTE','200',NULL,NULL,'2024-09-11 00:00:00',1),(94,NULL,'SODZIL NORTE','200',NULL,NULL,'2024-09-11 00:00:00',1),(95,NULL,'AMALIA SOLORZANO','200',NULL,NULL,'2024-09-11 00:00:00',1),(96,NULL,'BENITO JUAREZ ORIENTE','200',NULL,NULL,'2024-09-11 00:00:00',1),(97,NULL,'CHICHEN ITZA','180',NULL,NULL,'2024-09-11 00:00:00',1),(98,NULL,'EMILIO PORTES GIL','160',NULL,NULL,'2024-09-11 00:00:00',1),(99,NULL,'NUEVA CHICHEN ITZA','180',NULL,NULL,'2024-09-11 00:00:00',1),(100,NULL,'SAN ANTONIO KAUA','180',NULL,NULL,'2024-09-11 00:00:00',1),(101,NULL,'SAN JOSE VERGEL','150',NULL,NULL,'2024-09-11 00:00:00',1),(102,NULL,'SAN PABLO ORIENTE','150',NULL,NULL,'2024-09-11 00:00:00',1),(103,NULL,'AMPLIACION MIRAFLORES','150',NULL,NULL,'2024-09-11 00:00:00',1),(104,NULL,'AMPLIACION SALVADOR ALVARADO SUR','200',NULL,NULL,'2024-09-11 00:00:00',1),(105,NULL,'CECILIO CHI','250',NULL,NULL,'2024-09-11 00:00:00',1),(106,NULL,'MORELOS ORIENTE','150',NULL,NULL,'2024-09-11 00:00:00',1),(107,NULL,'MULCHECHEN','250',NULL,NULL,'2024-09-11 00:00:00',1),(108,NULL,'NUEVA KUKULCAN','200',NULL,NULL,'2024-09-11 00:00:00',1),(109,NULL,'SALVADOR ALVARADO SUR','200',NULL,NULL,'2024-09-11 00:00:00',1),(110,NULL,'SAN ANTONIO KAUA I','180',NULL,NULL,'2024-09-11 00:00:00',1),(111,NULL,'SAN ANTONIO KAUA IV','180',NULL,NULL,'2024-09-11 00:00:00',1),(112,NULL,'SAN JOSE TZAL','200',NULL,NULL,'2024-09-11 00:00:00',1),(113,NULL,'AMPLIACION NUEVA MULSAY','120',NULL,NULL,'2024-09-11 00:00:00',1),(114,NULL,'MULSAY DE LA MAGDALENA','120',NULL,NULL,'2024-09-11 00:00:00',1),(115,NULL,'NUEVA MULSAY','120',NULL,NULL,'2024-09-11 00:00:00',1),(116,NULL,'MEXICO PONIENTE','130',NULL,NULL,'2024-09-11 00:00:00',1),(117,NULL,'SUSULA XOCLAN','130',NULL,NULL,'2024-09-11 00:00:00',1),(118,NULL,'SAN JOSE TECOH','150',NULL,NULL,'2024-09-11 00:00:00',1),(119,NULL,'SAN JOSE TECOH SUR II','180',NULL,NULL,'2024-09-11 00:00:00',1),(120,NULL,'SAN ANTONIO XLUCH','150',NULL,NULL,'2024-09-11 00:00:00',1),(121,NULL,'SAN ANTONIO XLUCH Y NOCO','150',NULL,NULL,'2024-09-11 00:00:00',1),(122,NULL,'DZUNUNCAN','300',NULL,NULL,'2024-09-11 00:00:00',1),(123,NULL,'EMILIANO ZAPATA SUR I Y II','180',NULL,NULL,'2024-09-11 00:00:00',1),(124,NULL,'MIL PIEDRAS','200',NULL,NULL,'2024-09-11 00:00:00',1),(125,NULL,'RENACIMIENTO ','200',NULL,NULL,'2024-09-11 00:00:00',1),(126,NULL,'SAN ANTONIO XLUCH III','200',NULL,NULL,'2024-09-11 00:00:00',1),(127,NULL,'CARMELITAS ','130',NULL,NULL,'2024-09-11 00:00:00',1),(128,NULL,'XOCLAN REJAS','130',NULL,NULL,'2024-09-11 00:00:00',1),(129,NULL,'NUEVA REFORMA AGRARIA','150',NULL,NULL,'2024-09-11 00:00:00',1),(130,NULL,'XBECH','130',NULL,NULL,'2024-09-11 00:00:00',1),(131,NULL,'XOCLAN CANTO','130',NULL,NULL,'2024-09-11 00:00:00',1),(132,NULL,'HACIENDA OPICHEN','150',NULL,NULL,'2024-09-11 00:00:00',1),(133,NULL,'AMAPOLITA','180',NULL,NULL,'2024-09-11 00:00:00',1),(134,NULL,'AMPLIACION PEDREGALES DE LINDAVISTA','180',NULL,NULL,'2024-09-11 00:00:00',1),(135,NULL,'EL PORVENIR','150',NULL,NULL,'2024-09-11 00:00:00',1),(136,NULL,'FRANCISCO VILLA PONIENTE','150',NULL,NULL,'2024-09-11 00:00:00',1),(137,NULL,'HIDALGO ','120',NULL,NULL,'2024-09-11 00:00:00',1),(138,NULL,'RESIDENCIAL DEL NORTE','150',NULL,NULL,'2024-09-11 00:00:00',1),(139,NULL,'JUAN B SOSA','180',NULL,NULL,'2024-09-11 00:00:00',1),(140,NULL,'MERIDA','180',NULL,NULL,'2024-09-11 00:00:00',1),(141,NULL,'PINZONES','180',NULL,NULL,'2024-09-11 00:00:00',1),(142,NULL,'SAN LUIS','180',NULL,NULL,'2024-09-11 00:00:00',1),(143,NULL,'UXMAL','180',NULL,NULL,'2024-09-11 00:00:00',1),(144,NULL,'XCUMPICH','200',NULL,NULL,'2024-09-11 00:00:00',1),(145,NULL,'SAN ANTONIO CUCUL','200',NULL,NULL,'2024-09-11 00:00:00',1),(146,NULL,'MAYA ','200',NULL,NULL,'2024-09-11 00:00:00',1),(147,NULL,'SAN PEDRO CHOLUL','200',NULL,NULL,'2024-09-11 00:00:00',1),(148,NULL,'VIA MONTEJO','200',NULL,NULL,'2024-09-11 00:00:00',1),(149,NULL,'SANTA MARIA','200',NULL,NULL,'2024-09-11 00:00:00',1),(150,NULL,'SANTA MARIA CHI','250',NULL,NULL,'2024-09-11 00:00:00',1),(151,NULL,'SAN ANGEL','200',NULL,NULL,'2024-09-11 00:00:00',1),(152,NULL,'VICENTE GUERRERO','200',NULL,NULL,'2024-09-11 00:00:00',1),(153,NULL,'AVILA CAMACHO','150',NULL,NULL,'2024-09-11 00:00:00',1),(154,NULL,'AVILA CAMACHO II','150',NULL,NULL,'2024-09-11 00:00:00',1),(155,NULL,'LOS REYES','150',NULL,NULL,'2024-09-11 00:00:00',1),(156,NULL,'MELCHOR OCAMPO','200',NULL,NULL,'2024-09-11 00:00:00',1),(157,NULL,'MELCHOR OCAMPO II','250',NULL,NULL,'2024-09-11 00:00:00',1),(158,NULL,'NUEVA PACABTUN','200',NULL,NULL,'2024-09-11 00:00:00',1),(159,NULL,'PACABTUN','180',NULL,NULL,'2024-09-11 00:00:00',1),(160,NULL,'SALVADOR ALVARADO ORIENTE','180',NULL,NULL,'2024-09-11 00:00:00',1),(161,NULL,'EL ROBLE','200',NULL,NULL,'2024-09-11 00:00:00',1),(162,NULL,'EL ROBLE AGRICOLA','200',NULL,NULL,'2024-09-11 00:00:00',1),(163,NULL,'GRACIANO RICALDE','200',NULL,NULL,'2024-09-11 00:00:00',1),(164,NULL,'MANUEL CRESENCIO REJON','200',NULL,NULL,'2024-09-11 00:00:00',1),(165,NULL,'SAN MARCOS NOCOH','200',NULL,NULL,'2024-09-11 00:00:00',1),(166,NULL,'DZITYA POLIGONO CHUBURNA','250',NULL,NULL,'2024-09-11 00:00:00',1),(167,NULL,'NUCLEO SODZIL','200',NULL,NULL,'2024-09-11 00:00:00',1),(168,NULL,'SANTA RITA CHOLUL','250',NULL,NULL,'2024-09-11 00:00:00',1),(169,NULL,'GUADALUPANA','250',NULL,NULL,'2024-09-11 00:00:00',1),(170,NULL,'LEONA VICARIO','250',NULL,NULL,'2024-09-11 00:00:00',1),(171,NULL,'REAL MONTEJO','250',NULL,NULL,'2024-09-11 00:00:00',1),(172,NULL,'TAMARINDOS','250',NULL,NULL,'2024-09-11 00:00:00',1),(173,NULL,'CENTRO','80',NULL,NULL,'2024-09-11 00:00:00',1),(174,NULL,'CASTILLA CAMARA','120',NULL,NULL,'2024-09-11 00:00:00',1),(175,NULL,'MERCEDES BARRERA','120',NULL,NULL,'2024-09-11 00:00:00',1),(176,NULL,'MULSAY ','100',NULL,NULL,'2024-09-11 00:00:00',1),(177,NULL,'PLAN DE AYALA SUR II','250',NULL,NULL,'2024-09-11 00:00:00',1),(178,NULL,'PLAN DE AYALA SUR III','250',NULL,NULL,'2024-09-11 00:00:00',1),(179,NULL,'AMPLIACION PLAN DE AYALA','150',NULL,NULL,'2024-09-11 00:00:00',1),(180,NULL,'CHUBURNA DE HIDALGO','150',NULL,NULL,'2024-09-11 00:00:00',1),(181,NULL,'FELIPE CARRILLO PUERTO','150',NULL,NULL,'2024-09-11 00:00:00',1),(182,NULL,'REVOLUCION','200',NULL,NULL,'2024-09-11 00:00:00',1),(183,NULL,'SAN ANTONIO KAUA II','200',NULL,NULL,'2024-09-11 00:00:00',1),(184,NULL,'SAN ANTONIO KAUA III','220',NULL,NULL,'2024-09-11 00:00:00',1),(185,NULL,'CIUDAD INDUSTRIAL','200',NULL,NULL,'2024-09-11 00:00:00',1),(186,NULL,'NUEVA SAN JOSE TECOH','250',NULL,NULL,'2024-09-11 00:00:00',1),(187,NULL,'PLAN DE AYALA SUR','250',NULL,NULL,'2024-09-11 00:00:00',1),(188,NULL,'CINCO COLONIAS','150',NULL,NULL,'2024-09-11 00:00:00',1),(189,NULL,'SAN JOSE TECOH SUR','180',NULL,NULL,'2024-09-11 00:00:00',1),(190,NULL,'EMILIANO ZAPATA SUR III','200',NULL,NULL,'2024-09-11 00:00:00',1),(191,NULL,'EMILIANO ZAPATA SUR','200',NULL,NULL,'2024-09-11 00:00:00',1),(192,NULL,'XOCLAN SANTOS','120',NULL,NULL,'2024-09-11 00:00:00',1),(193,NULL,'XOCLAN','120',NULL,NULL,'2024-09-11 00:00:00',1),(194,NULL,'MIGUEL HIDALGO','120',NULL,NULL,'2024-09-11 00:00:00',1),(195,NULL,'JACINTO CANEK','120',NULL,NULL,'2024-09-11 00:00:00',1),(196,NULL,'SAN VICENTE','200',NULL,NULL,'2024-09-11 00:00:00',1),(197,NULL,'VISTA ALEGRE','180',NULL,NULL,'2024-09-11 00:00:00',1),(198,NULL,'NUEVO YUCATAN','180',NULL,NULL,'2024-09-11 00:00:00',1),(199,NULL,'EMILIANO ZAPATA ORIENTE','200',NULL,NULL,'2024-09-11 00:00:00',1),(200,NULL,'SANTA GERTRUDIS COPO','250',NULL,NULL,'2024-09-11 00:00:00',1),(201,NULL,'EMILIANO ZAPATA NORTE','150',NULL,NULL,'2024-09-11 00:00:00',1),(202,NULL,'GUSTAVO DIAZ ORDAZ','150',NULL,NULL,'2024-09-11 00:00:00',1),(203,NULL,'LEANDRO VALLE','200',NULL,NULL,'2024-09-11 00:00:00',1),(204,NULL,'ITZIMNA','150',NULL,NULL,'2024-09-11 00:00:00',1),(205,NULL,'MIRAFLORES','120',NULL,NULL,'2024-09-11 00:00:00',1),(206,NULL,'ESPERANZA','120',NULL,NULL,'2024-09-11 00:00:00',1),(207,NULL,'VICENTE SOLIS','120',NULL,NULL,'2024-09-11 00:00:00',1),(208,NULL,'MARIA LUISA','150',NULL,NULL,'2024-09-11 00:00:00',1),(209,NULL,'FERROCARRILERA HECTOR VICTORIA GUILAR','120',NULL,NULL,'2024-09-11 00:00:00',1),(210,NULL,'AZCORRA','120',NULL,NULL,'2024-09-11 00:00:00',1),(211,NULL,'LA HUERTA','120',NULL,NULL,'2024-09-11 00:00:00',1),(212,NULL,'SANTA CECILIA','120',NULL,NULL,'2024-09-11 00:00:00',1),(213,NULL,'PRADO NORTE','150',NULL,NULL,'2024-09-11 00:00:00',1),(214,NULL,'RESIDENCIAL COLONIA MEXICO','150',NULL,NULL,'2024-09-11 00:00:00',1),(215,NULL,'ARBOLEDAS','130',NULL,NULL,'2024-09-11 00:00:00',1),(216,NULL,'SAN LUIS','130',NULL,NULL,'2024-09-11 00:00:00',1),(217,NULL,'SAN MIGUEL','150',NULL,NULL,'2024-09-11 00:00:00',1),(218,NULL,'TABIA','150',NULL,NULL,'2024-09-11 00:00:00',1),(219,NULL,'DEL CARMEN','120',NULL,NULL,'2024-09-11 00:00:00',1),(220,NULL,'EL FENIX','120',NULL,NULL,'2024-09-11 00:00:00',1),(221,NULL,'LOURDES INDUSTRIAL','120',NULL,NULL,'2024-09-11 00:00:00',1),(222,NULL,'MAYAPAN','150',NULL,NULL,'2024-09-11 00:00:00',1),(223,NULL,'VILLA FONTANA','120',NULL,NULL,'2024-09-11 00:00:00',1),(224,NULL,'WALLIS','120',NULL,NULL,'2024-09-11 00:00:00',1),(225,NULL,'WASPA','120',NULL,NULL,'2024-09-11 00:00:00',1),(226,NULL,'JARDNES DE MIRAFLORES','120',NULL,NULL,'2024-09-11 00:00:00',1),(227,NULL,'LOURDES INDUSTRIAL','120',NULL,NULL,'2024-09-11 00:00:00',1),(228,NULL,'LOMAS DEL SUR','120',NULL,NULL,'2024-09-11 00:00:00',1),(229,NULL,'LOS REYES','120',NULL,NULL,'2024-09-11 00:00:00',1),(230,NULL,'MANZANA 115','120',NULL,NULL,'2024-09-11 00:00:00',1),(231,NULL,'NUEVA OBRERA','120',NULL,NULL,'2024-09-11 00:00:00',1),(232,NULL,'PEEDREGALES DE CIRCUITO','120',NULL,NULL,'2024-09-11 00:00:00',1),(233,NULL,'RENACIMIENTO I','130',NULL,NULL,'2024-09-11 00:00:00',1),(234,NULL,'SANTA MARIA DE GUADALUPE','120',NULL,NULL,'2024-09-11 00:00:00',1),(235,NULL,'VILLA MODERNA','120',NULL,NULL,'2024-09-11 00:00:00',1),(236,NULL,'VILLAS DEL MAYAB','130',NULL,NULL,'2024-09-11 00:00:00',1),(237,NULL,'PRIVADA DEL CARMEN','100',NULL,NULL,'2024-09-11 00:00:00',1),(238,NULL,'SAN LORENZO','100',NULL,NULL,'2024-09-11 00:00:00',1),(239,NULL,'FUENTE DORADA','120',NULL,NULL,'2024-09-11 00:00:00',1),(240,NULL,'HACIENDA INN','120',NULL,NULL,'2024-09-11 00:00:00',1),(241,NULL,'PASEO DE LAS FUENTES','120',NULL,NULL,'2024-09-11 00:00:00',1),(242,NULL,'PRIVADA SAN PEDRO','120',NULL,NULL,'2024-09-11 00:00:00',1),(243,NULL,'VILLAS ZONA DORADA','120',NULL,NULL,'2024-09-11 00:00:00',1),(244,NULL,'XCOM','120',NULL,NULL,'2024-09-11 00:00:00',1),(245,NULL,'AGILAS DE CHUBURNA','130',NULL,NULL,'2024-09-11 00:00:00',1),(246,NULL,'BULEVARES DE CHUBURNA ','150',NULL,NULL,'2024-09-11 00:00:00',1),(247,NULL,'BUENAVISTA','130',NULL,NULL,'2024-09-11 00:00:00',1),(248,NULL,'COLONIA CHUBURNA ','150',NULL,NULL,'2024-09-11 00:00:00',1),(249,NULL,'DEL NORTE','150',NULL,NULL,'2024-09-11 00:00:00',1),(250,NULL,'EL CORTIJO','150',NULL,NULL,'2024-09-11 00:00:00',1),(251,NULL,'EL CORTIJO II','150',NULL,NULL,'2024-09-11 00:00:00',1),(252,NULL,'EL ROSARIO','150',NULL,NULL,'2024-09-11 00:00:00',1),(253,NULL,'JARDINES DE CHUBURNA','150',NULL,NULL,'2024-09-11 00:00:00',1),(254,NULL,'JOAQUIN CEBALLOS MIMENSA','130',NULL,NULL,'2024-09-11 00:00:00',1),(255,NULL,'LOMAS RESIDENCIAL CHUBURNA','150',NULL,NULL,'2024-09-11 00:00:00',1),(256,NULL,'MALAGA','150',NULL,NULL,'2024-09-11 00:00:00',1),(257,NULL,'MONTEJO','130',NULL,NULL,'2024-09-11 00:00:00',1),(258,NULL,'PRIVADA LA HACIENDA','150',NULL,NULL,'2024-09-11 00:00:00',1),(259,NULL,'RESIDENCIAL LAS AVES','150',NULL,NULL,'2024-09-11 00:00:00',1),(260,NULL,'SAN JOSE CHUBURNA I','150',NULL,NULL,'2024-09-11 00:00:00',1),(261,NULL,'SAN JOSE CHUBURNA II','150',NULL,NULL,'2024-09-11 00:00:00',1),(262,NULL,'TECNOLOGICO ','150',NULL,NULL,'2024-09-11 00:00:00',1),(263,NULL,'VILLAS DE CHUBURNA','150',NULL,NULL,'2024-09-11 00:00:00',1),(264,NULL,'VILLAS PALMA REAL','150',NULL,NULL,'2024-09-11 00:00:00',1),(265,NULL,'UNIDAD MORELOS','150',NULL,NULL,'2024-09-11 00:00:00',1),(266,NULL,'GONZALO GUERRERO','200',NULL,NULL,'2024-09-11 00:00:00',1),(267,NULL,'SAN RAMON','200',NULL,NULL,'2024-09-11 00:00:00',1),(268,NULL,'VILLAREAL','200',NULL,NULL,'2024-09-11 00:00:00',1),(269,NULL,'VILAS DEL REY','280',NULL,NULL,'2024-09-11 00:00:00',1),(270,NULL,'VILLAS LA HACIENDA','180',NULL,NULL,'2024-09-11 00:00:00',1),(271,NULL,'XAMAN-KAB','200',NULL,NULL,'2024-09-11 00:00:00',1),(272,NULL,'AQUAPARQUE','180',NULL,NULL,'2024-09-11 00:00:00',1),(273,NULL,'EL VERGEL','150',NULL,NULL,'2024-09-11 00:00:00',1),(274,NULL,'MISNE I','200',NULL,NULL,'2024-09-11 00:00:00',1),(275,NULL,'MISNE II','200',NULL,NULL,'2024-09-11 00:00:00',1),(276,NULL,'PASEOS DE VERGEL ','180',NULL,NULL,'2024-09-11 00:00:00',1),(277,NULL,'REAL SAN JOSE ','150',NULL,NULL,'2024-09-11 00:00:00',1),(278,NULL,'VERGEL','150',NULL,NULL,'2024-09-11 00:00:00',1),(279,NULL,'VERGEL 65','150',NULL,NULL,'2024-09-11 00:00:00',1),(280,NULL,'VEREL 1','150',NULL,NULL,'2024-09-11 00:00:00',1),(281,NULL,'VERGEL II','150',NULL,NULL,'2024-09-11 00:00:00',1),(282,NULL,'VERGEL III CTM','180',NULL,NULL,'2024-09-11 00:00:00',1),(283,NULL,'VERGEL IV ','200',NULL,NULL,'2024-09-11 00:00:00',1),(284,NULL,'REPARTO GRANJAS ','200',NULL,NULL,'2024-09-11 00:00:00',1),(285,NULL,'AMPLIACION CIUDAD INDUSTRIAL','250',NULL,NULL,'2024-09-11 00:00:00',1),(286,NULL,'BRISAS DEL PONIENTE','150',NULL,NULL,'2024-09-11 00:00:00',1),(287,NULL,'DIAMANTE II','180',NULL,NULL,'2024-09-11 00:00:00',1),(288,NULL,'DIAMANTE PASEOS DE OPICHEN','180',NULL,NULL,'2024-09-11 00:00:00',1),(289,NULL,'GIRASOLES DE OPICHEN','180',NULL,NULL,'2024-09-11 00:00:00',1),(290,NULL,'HACIENDA MULSAY','120',NULL,NULL,'2024-09-11 00:00:00',1),(291,NULL,'HACIENDA OPICHEN','150',NULL,NULL,'2024-09-11 00:00:00',1),(292,NULL,'JARDINES DE MULSAY','130',NULL,NULL,'2024-09-11 00:00:00',1),(293,NULL,'JARDINES DE NUEVA MULSAY II','130',NULL,NULL,'2024-09-11 00:00:00',1),(294,NULL,'JARDINES DE NUEVA MULSAY III','130',NULL,NULL,'2024-09-11 00:00:00',1),(295,NULL,'LOL BE ','200',NULL,NULL,'2024-09-11 00:00:00',1),(296,NULL,'NUEVA MULSAY','130',NULL,NULL,'2024-09-11 00:00:00',1),(297,NULL,'PASEOS DE OPICHEN','180',NULL,NULL,'2024-09-11 00:00:00',1),(298,NULL,'ALAMOS DEL SUR','180',NULL,NULL,'2024-09-11 00:00:00',1),(299,NULL,'BRISAS DE SAN JOSE','150',NULL,NULL,'2024-09-11 00:00:00',1),(300,NULL,'BRISAS DEL SUR','150',NULL,NULL,'2024-09-11 00:00:00',1),(301,NULL,'DEL SUR','150',NULL,NULL,'2024-09-11 00:00:00',1),(302,NULL,'JARDINES DEL SUR','150',NULL,NULL,'2024-09-11 00:00:00',1),(303,NULL,'LA HACIENDA','150',NULL,NULL,'2024-09-11 00:00:00',1),(304,NULL,'LAS NUBES','150',NULL,NULL,'2024-09-11 00:00:00',1),(305,NULL,'PALMAS DEL SUR','150',NULL,NULL,'2024-09-11 00:00:00',1),(306,NULL,'PRIVADA ZAZIL-HA','150',NULL,NULL,'2024-09-11 00:00:00',1),(307,NULL,'SAN CARLOS DEL SUR II','180',NULL,NULL,'2024-09-11 00:00:00',1),(308,NULL,'SAN NICOLAS DEL SUR','180',NULL,NULL,'2024-09-11 00:00:00',1),(309,NULL,'SANTA RITA','180',NULL,NULL,'2024-09-11 00:00:00',1),(310,NULL,'SERAPIO RENDON','150',NULL,NULL,'2024-09-11 00:00:00',1),(311,NULL,'SERAPIO RENDON II','150',NULL,NULL,'2024-09-11 00:00:00',1),(312,NULL,'SERAPIO RENDON III','150',NULL,NULL,'2024-09-11 00:00:00',1),(313,NULL,'VILLA MAGNA DEL SUR','180',NULL,NULL,'2024-09-11 00:00:00',1),(314,NULL,'VILLAS DEL SUR','180',NULL,NULL,'2024-09-11 00:00:00',1),(315,NULL,'ZAZIL-HA II','150',NULL,NULL,'2024-09-11 00:00:00',1),(316,NULL,'ZAZIL-HA ','150',NULL,NULL,'2024-09-11 00:00:00',1),(317,NULL,'DZUNUNCAN','250',NULL,NULL,'2024-09-11 00:00:00',1),(318,NULL,'EL ROSAL II','200',NULL,NULL,'2024-09-11 00:00:00',1),(319,NULL,'ESTRELLA DEL SUR','200',NULL,NULL,'2024-09-11 00:00:00',1),(320,NULL,'REVOLUCION','200',NULL,NULL,'2024-09-11 00:00:00',1),(321,NULL,'VILLAS QUETZAL','200',NULL,NULL,'2024-09-11 00:00:00',1),(322,NULL,'AMPLIACION JUAN PABLO II','180',NULL,NULL,'2024-09-11 00:00:00',1),(323,NULL,'AMPLIACION TIXCACAL OPICHEN','180',NULL,NULL,'2024-09-11 00:00:00',1),(324,NULL,'BOSQUES DE MULSAY','130',NULL,NULL,'2024-09-11 00:00:00',1),(325,NULL,'BOSQUES DEL PONIENTE','130',NULL,NULL,'2024-09-11 00:00:00',1),(326,NULL,'JARDINES DE YUCALPETEN','130',NULL,NULL,'2024-09-11 00:00:00',1),(327,NULL,'JUAN PABLO II','150',NULL,NULL,'2024-09-11 00:00:00',1),(328,NULL,'JUAN PABLO II SEGUNDA ETAPA','180',NULL,NULL,'2024-09-11 00:00:00',1),(329,NULL,'LAS FLORES II','150',NULL,NULL,'2024-09-11 00:00:00',1),(330,NULL,'MONTE VERDE','150',NULL,NULL,'2024-09-11 00:00:00',1),(331,NULL,'MONTES DE TIXCACAL','250',NULL,NULL,'2024-09-11 00:00:00',1),(332,NULL,'MULSAY','130',NULL,NULL,'2024-09-11 00:00:00',1),(333,NULL,'NORA QUINTANA','150',NULL,NULL,'2024-09-11 00:00:00',1),(334,NULL,'PASEO DE LAS CARMELITAS','130',NULL,NULL,'2024-09-11 00:00:00',1),(335,NULL,'RESIDENCIAL VALPARAISO','150',NULL,NULL,'2024-09-11 00:00:00',1),(336,NULL,'TIXCACAL OPICHEN','180',NULL,NULL,'2024-09-11 00:00:00',1),(337,NULL,'VILLAMAGNA','150',NULL,NULL,'2024-09-11 00:00:00',1),(338,NULL,'VILLAMAGNA II','180',NULL,NULL,'2024-09-11 00:00:00',1),(339,NULL,'VILLAS DE TIXCACAL','180',NULL,NULL,'2024-09-11 00:00:00',1),(340,NULL,'YUCALPETEN','120',NULL,NULL,'2024-09-11 00:00:00',1),(341,NULL,'FOVISSSTE','150',NULL,NULL,'2024-09-11 00:00:00',1),(342,NULL,'HACIENDA SAN ANTONIO','120',NULL,NULL,'2024-09-11 00:00:00',1),(343,NULL,'JARDINES LINDAVISTA','180',NULL,NULL,'2024-09-11 00:00:00',1),(344,NULL,'LAS VIGAS','120',NULL,NULL,'2024-09-11 00:00:00',1),(345,NULL,'LIMONES','150',NULL,NULL,'2024-09-11 00:00:00',1),(346,NULL,'LINDAVISTA','180',NULL,NULL,'2024-09-11 00:00:00',1),(347,NULL,'LINDAVISTA II','180',NULL,NULL,'2024-09-11 00:00:00',1),(348,NULL,'PALMAS PENSIONES','180',NULL,NULL,'2024-09-11 00:00:00',1),(349,NULL,'PASEOS DE CHENKU','180',NULL,NULL,'2024-09-11 00:00:00',1),(350,NULL,'PASEOS DE PENSIONES','150',NULL,NULL,'2024-09-11 00:00:00',1),(351,NULL,'PEDREGALES DE LINDAVISTA','180',NULL,NULL,'2024-09-11 00:00:00',1),(352,NULL,'PENSINES NORTE','150',NULL,NULL,'2024-09-11 00:00:00',1),(353,NULL,'RESIDENCIAL PENSIONES','150',NULL,NULL,'2024-09-11 00:00:00',1),(354,NULL,'RESIDENCIAL PENSIONES TERCERA ETAPA','150',NULL,NULL,'2024-09-11 00:00:00',1),(355,NULL,'RESIDENCIAL PENSIONES CUARTA ETAPA','150',NULL,NULL,'2024-09-11 00:00:00',1),(356,NULL,'RESIDENCIAL PENSIONES QUINTA ETAPA','150',NULL,NULL,'2024-09-11 00:00:00',1),(357,NULL,'RESIDENCIAL PENSIONES SEXTA ETAPA','180',NULL,NULL,'2024-09-11 00:00:00',1),(358,NULL,'RESIDENCIAL PENSIONES SEPTIMA ETAPA','180',NULL,NULL,'2024-09-11 00:00:00',1),(359,NULL,'ZONA DORADA II','120',NULL,NULL,'2024-09-11 00:00:00',1),(360,NULL,'AMPLIACION FRANCIACO DE MONTEJO ','200',NULL,NULL,'2024-09-11 00:00:00',1),(361,NULL,'ARCOS DEL SOL ','180',NULL,NULL,'2024-09-11 00:00:00',1),(362,NULL,'AUREA RESIDENCIAL','180',NULL,NULL,'2024-09-11 00:00:00',1),(363,NULL,'BUGAMBILIAS','180',NULL,NULL,'2024-09-11 00:00:00',1),(364,NULL,'CAMARA DE LA CONSTRUCCION','180',NULL,NULL,'2024-09-11 00:00:00',1),(365,NULL,'CHUBURNA INN II','180',NULL,NULL,'2024-09-11 00:00:00',1),(366,NULL,'EL PRADO','180',NULL,NULL,'2024-09-11 00:00:00',1),(367,NULL,'FRANCISCO DE MONTEJO','200',NULL,NULL,'2024-09-11 00:00:00',1),(368,NULL,'FRANCISCO DE MONTEJO II','200',NULL,NULL,'2024-09-11 00:00:00',1),(369,NULL,'FRANCISCO DE MONTEJO III','200',NULL,NULL,'2024-09-11 00:00:00',1),(370,NULL,'FRANCISCO DE MONTEJO IV','200',NULL,NULL,'2024-09-11 00:00:00',1),(371,NULL,'FRANCISCO DE MONTEJO V','200',NULL,NULL,'2024-09-11 00:00:00',1),(372,NULL,'HACIENDA XCUMPICH ','200',NULL,NULL,'2024-09-11 00:00:00',1),(373,NULL,'LA CASTELLANA ','200',NULL,NULL,'2024-09-11 00:00:00',1),(374,NULL,'LAS MAGNOLIAS','200',NULL,NULL,'2024-09-11 00:00:00',1),(375,NULL,'LOMA BONITA','180',NULL,NULL,'2024-09-11 00:00:00',1),(376,NULL,'PASEO DEL CONQUISTADOR','180',NULL,NULL,'2024-09-11 00:00:00',1),(377,NULL,'PASEO DEL CONQUISTADOR II','180',NULL,NULL,'2024-09-11 00:00:00',1),(378,NULL,'PINZONES','200',NULL,NULL,'2024-09-11 00:00:00',1),(379,NULL,'PRIVADA LAS PALMAS','180',NULL,NULL,'2024-09-11 00:00:00',1),(380,NULL,'PUESTA DEL SOL','180',NULL,NULL,'2024-09-11 00:00:00',1),(381,NULL,'RESIDENCIAL GALERIAS','200',NULL,NULL,'2024-09-11 00:00:00',1),(382,NULL,'RESIDENCIAL PIEDRASUL','180',NULL,NULL,'2024-09-11 00:00:00',1),(383,NULL,'RINCONADA DE CHUNURNA','180',NULL,NULL,'2024-09-11 00:00:00',1),(384,NULL,'SAN FRANCISCO CHUBURNA','180',NULL,NULL,'2024-09-11 00:00:00',1),(385,NULL,'SAN FRANCISCO II','180',NULL,NULL,'2024-09-11 00:00:00',1),(386,NULL,'TERRANOVA','200',NULL,NULL,'2024-09-11 00:00:00',1),(387,NULL,'TULIAS DE CHUBURNA','180',NULL,NULL,'2024-09-11 00:00:00',1),(388,NULL,'VILLAS DE CHUBURNA VI','180',NULL,NULL,'2024-09-11 00:00:00',1),(389,NULL,'ALTABRISA','200',NULL,NULL,'2024-09-11 00:00:00',1),(390,NULL,'MONTEALBAN','200',NULL,NULL,'2024-09-11 00:00:00',1),(391,NULL,'MONTEBELLO','200',NULL,NULL,'2024-09-11 00:00:00',1),(392,NULL,'MONTEBELLO II','200',NULL,NULL,'2024-09-11 00:00:00',1),(393,NULL,'MONTECARLO','200',NULL,NULL,'2024-09-11 00:00:00',1),(394,NULL,'MONTERREAL','200',NULL,NULL,'2024-09-11 00:00:00',1),(395,NULL,'MONTEVIDEO','200',NULL,NULL,'2024-09-11 00:00:00',1),(396,NULL,'RESIDENCIAL CAMARA DE COMERCIO NORTE','200',NULL,NULL,'2024-09-11 00:00:00',1),(397,NULL,'RESIDENCIAL SAN ANTONIO','200',NULL,NULL,'2024-09-11 00:00:00',1),(398,NULL,'RESIDENCIAL SOL CAMPESTRE','200',NULL,NULL,'2024-09-11 00:00:00',1),(399,NULL,'MONTEBELLO II','200',NULL,NULL,'2024-09-11 00:00:00',1),(400,NULL,'MONTECARLO','200',NULL,NULL,'2024-09-11 00:00:00',1),(401,NULL,'MONTERREAL','200',NULL,NULL,'2024-09-11 00:00:00',1),(402,NULL,'MONTEVIDEO','200',NULL,NULL,'2024-09-11 00:00:00',1),(403,NULL,'RESIDENCIAL CAMARA DE COMERCIO NORTE','200',NULL,NULL,'2024-09-11 00:00:00',1),(404,NULL,'RESIDENCIAL SAN ANTONIO','200',NULL,NULL,'2024-09-11 00:00:00',1),(405,NULL,'RESIDENCIAL SOL CAMPESTRE','200',NULL,NULL,'2024-09-11 00:00:00',1),(406,NULL,'SAN CARLOS','200',NULL,NULL,'2024-09-11 00:00:00',1),(407,NULL,'VISTA ALEGRE NORTE','200',NULL,NULL,'2024-09-11 00:00:00',1),(408,NULL,'XAMAN-TAN','200',NULL,NULL,'2024-09-11 00:00:00',1),(409,NULL,'AMPLIACION PINOS DEL NORTE','200',NULL,NULL,'2024-09-11 00:00:00',1),(410,NULL,'DEL ARCO','180',NULL,NULL,'2024-09-11 00:00:00',1),(411,NULL,'FLORIDA NORTE','200',NULL,NULL,'2024-09-11 00:00:00',1),(412,NULL,'ITZIMNA POLIGONO 108','180',NULL,NULL,'2024-09-11 00:00:00',1),(413,NULL,'JARDINES DE VISTA ALEGRE','180',NULL,NULL,'2024-09-11 00:00:00',1),(414,NULL,'JARDINES DEL NORESTE','200',NULL,NULL,'2024-09-11 00:00:00',1),(415,NULL,'JARDINES DEL NORTE','200',NULL,NULL,'2024-09-11 00:00:00',1),(416,NULL,'JOSE MARIA ITURRALDE','200',NULL,NULL,'2024-09-11 00:00:00',1),(417,NULL,'LA FLORIDA','200',NULL,NULL,'2024-09-11 00:00:00',1),(418,NULL,'PARAISO MAYA','200',NULL,NULL,'2024-09-11 00:00:00',1),(419,NULL,'PINOS DEL NORTE','200',NULL,NULL,'2024-09-11 00:00:00',1),(420,NULL,'PRIVADA LOS ALAMOS','200',NULL,NULL,'2024-09-11 00:00:00',1),(421,NULL,'REAL DE PINOS','200',NULL,NULL,'2024-09-11 00:00:00',1),(422,NULL,'RESIDENCIAL DEL ARCO','200',NULL,NULL,'2024-09-11 00:00:00',1),(423,NULL,'RESIDENCIAL LOS PINOS','200',NULL,NULL,'2024-09-11 00:00:00',1),(424,NULL,'ANTONIA JIMENEZ TRAVA','200',NULL,NULL,'2024-09-11 00:00:00',1),(425,NULL,'ANTONIA JIMENEZ TRAVA II','200',NULL,NULL,'2024-09-11 00:00:00',1),(426,NULL,'BOULEVARES DE ORIENTE','200',NULL,NULL,'2024-09-11 00:00:00',1),(427,NULL,'BRISAS DEL BOSQUE','180',NULL,NULL,'2024-09-11 00:00:00',1),(428,NULL,'BRISAS DEL NORTE','180',NULL,NULL,'2024-09-11 00:00:00',1),(429,NULL,'POLIGONO 108 ','200',NULL,NULL,'2024-09-11 00:00:00',1),(430,NULL,'POLIGONO ITZIMNA 108','200',NULL,NULL,'2024-09-11 00:00:00',1),(431,NULL,'SAN VICENTE ORIENTE','200',NULL,NULL,'2024-09-11 00:00:00',1),(432,NULL,'UNIDAD HABITACIONAL CTM','200',NULL,NULL,'2024-09-11 00:00:00',1),(433,NULL,'FRACC DEL PARQUE','150',NULL,NULL,'2024-09-11 00:00:00',1),(434,NULL,'FRACC FIDEL VELAZQUEZ','180',NULL,NULL,'2024-09-11 00:00:00',1),(435,NULL,'ALVARO TORRE DIAZ','200',NULL,NULL,'2024-09-11 00:00:00',1),(436,NULL,'EL ROBLE AGRICOLA II','200',NULL,NULL,'2024-09-11 00:00:00',1),(437,NULL,'GRAN ROBLE','200',NULL,NULL,'2024-09-11 00:00:00',1),(438,NULL,'JARDINES DEL ROBLE','200',NULL,NULL,'2024-09-11 00:00:00',1),(439,NULL,'LA PALMA DEL SUR','200',NULL,NULL,'2024-09-11 00:00:00',1),(440,NULL,'LIBERTAD II','200',NULL,NULL,'2024-09-11 00:00:00',1),(441,NULL,'PASEOS DEL ROBLE','200',NULL,NULL,'2024-09-11 00:00:00',1),(442,NULL,'ROBLE AGRICOLA','200',NULL,NULL,'2024-09-11 00:00:00',1),(443,NULL,'SAN MARCOS ','200',NULL,NULL,'2024-09-11 00:00:00',1),(444,NULL,'VILLA DE LA OBRERA II','130',NULL,NULL,'2024-09-11 00:00:00',1),(445,NULL,'VILLAS DEL MAYAB IV','130',NULL,NULL,'2024-09-11 00:00:00',1),(446,NULL,'LOS FAISANES DE TIXCACAL','250',NULL,NULL,'2024-09-11 00:00:00',1),(447,NULL,'PASEO ALEGRIA','250',NULL,NULL,'2024-09-11 00:00:00',1),(448,NULL,'PROVIDENCIA','250',NULL,NULL,'2024-09-11 00:00:00',1),(449,NULL,'LA CIUDADELA','250',NULL,NULL,'2024-09-11 00:00:00',1),(450,NULL,'LAS AMERICAS MERIDA','250',NULL,NULL,'2024-09-11 00:00:00',1),(451,NULL,'PARQUE INDUSTRIAL YUCATAN','250',NULL,NULL,'2024-09-11 00:00:00',1),(452,NULL,'PEDREGALES LAS AMERICAS','250',NULL,NULL,'2024-09-11 00:00:00',1),(453,NULL,'RESIDENCIAL SAC-UH','250',NULL,NULL,'2024-09-11 00:00:00',1),(454,NULL,'XO´TIK','250',NULL,NULL,'2024-09-11 00:00:00',1),(455,NULL,'RESIDENCIAL ANDALUCIA','250',NULL,NULL,'2024-09-11 00:00:00',1),(456,NULL,'ALGARROBOS DESARROLLO RESIDENCIAL','250',NULL,NULL,'2024-09-11 00:00:00',1),(457,NULL,'SANTA GERTRUDIS COPO','250',NULL,NULL,'2024-09-11 00:00:00',1),(458,NULL,'BELLAVISTA','250',NULL,NULL,'2024-09-11 00:00:00',1),(459,NULL,'REYES DEL SUR','250',NULL,NULL,'2024-09-11 00:00:00',1),(460,NULL,'VILLA BONITA','250',NULL,NULL,'2024-09-11 00:00:00',1),(461,NULL,'VILLA BONITA III','250',NULL,NULL,'2024-09-11 00:00:00',1),(462,NULL,'SANTA CRUZ','250',NULL,NULL,'2024-09-11 00:00:00',1),(463,NULL,'SANTA CRUZ II','250',NULL,NULL,'2024-09-11 00:00:00',1),(464,NULL,'SANTA CRUZ SEGUNDA ETAPA','250',NULL,NULL,'2024-09-11 00:00:00',1),(465,NULL,'CAUCEL II','250',NULL,NULL,'2024-09-11 00:00:00',1),(466,NULL,'PEDREGALES DE TANLUM','150',NULL,NULL,'2024-09-11 00:00:00',1),(467,NULL,'CAMPESTRE','150',NULL,NULL,'2024-09-11 00:00:00',1),(468,NULL,'SAN ANTONIO KAUA','150',NULL,NULL,'2024-09-11 00:00:00',1),(469,NULL,'CIUDAD INDUSTRIAL INFONAVIT','200',NULL,NULL,'2024-09-11 00:00:00',1),(470,NULL,'VALLE DORADO ','150',NULL,NULL,'2024-09-11 00:00:00',1),(471,NULL,'MONTECRISTO','200',NULL,NULL,'2024-09-11 00:00:00',1),(472,NULL,'JARDINES DE MERIDA','160',NULL,NULL,'2024-09-11 00:00:00',1),(473,NULL,'BRISAS','150',NULL,NULL,'2024-09-11 00:00:00',1),(474,NULL,'RESIDENCIAL MONTECRISTO','200',NULL,NULL,'2024-09-11 00:00:00',1),(475,NULL,'PARAISO SAN JOSE','150',NULL,NULL,'2024-09-11 00:00:00',1),(476,NULL,'SAN ANTONIO HOOL','250',NULL,NULL,'2024-09-11 00:00:00',1),(477,NULL,'SAN ANTONIO RESIDENCIAL','250',NULL,NULL,'2024-09-11 00:00:00',1),(478,NULL,'SAN JOSE TZAL','250',NULL,NULL,'2024-09-11 00:00:00',1),(479,NULL,'SANTA CRUZ NORTE','250',NULL,NULL,'2024-09-11 00:00:00',1),(480,NULL,'EL ARCA','280',NULL,NULL,'2024-09-11 00:00:00',1),(481,NULL,'RESIDENCIAL ANDRIA','280',NULL,NULL,'2024-09-11 00:00:00',1),(482,NULL,'JARDINES DE TAHDZIBICHEN','250',NULL,NULL,'2024-09-11 00:00:00',1),(483,NULL,'BICENTENARIO','250',NULL,NULL,'2024-09-11 00:00:00',1),(484,NULL,'SOLANA RESIDENCIAL','250',NULL,NULL,'2024-09-11 00:00:00',1),(485,NULL,'TIXCACAL','180',NULL,NULL,'2024-09-11 00:00:00',1),(486,NULL,'RESIDENCIAL XCANATUN','250',NULL,NULL,'2024-09-11 00:00:00',1),(487,NULL,'PALOMEQUE RESIDENCIAL','250',NULL,NULL,'2024-09-11 00:00:00',1),(488,NULL,'MISNEBALAM','LIBRE',NULL,NULL,'2024-09-11 00:00:00',1),(489,NULL,'HOSPITAL OHORAN','100',NULL,NULL,'2024-09-23 14:40:05',1),(490,NULL,'HOSPITAL MILITAR','100',NULL,NULL,'2024-09-23 14:40:28',1),(491,NULL,'ISSSTE PENSIONES','120',NULL,NULL,'2024-09-23 14:40:48',1),(492,NULL,'STAR MEDICA','200',NULL,NULL,'2024-09-23 14:41:05',1),(493,NULL,'HOSPITAL REGIONAL DE ALTAS ESPECIALIDADES','200',NULL,NULL,'2024-09-23 14:41:31',1),(494,NULL,'IMSS 42','150',NULL,NULL,'2024-09-23 14:41:52',1),(495,0,'ISSSTE LINDAVISTA','180',NULL,NULL,'2024-09-23 14:42:37',1),(496,NULL,'ISSSTE SUSULA','250',NULL,NULL,'2024-09-23 14:42:54',1),(497,NULL,'CLINICA IECO','100',NULL,NULL,'2024-09-23 14:43:17',1),(498,NULL,'CLINICA OFTALMOS','100',NULL,NULL,'2024-09-23 14:43:34',1),(499,NULL,'CLINICA DE MERIDA','100',NULL,NULL,'2024-09-23 14:43:51',1),(500,NULL,'CEMA','120',NULL,NULL,'2024-09-23 14:44:08',1),(501,NULL,'SEM','120',NULL,NULL,'2024-09-23 14:44:25',1),(502,NULL,'FRANCISCO VILLA ORIENTE','250',NULL,NULL,'2024-09-23 14:44:44',1),(506,NULL,'IHOP','200',NULL,NULL,'2024-10-10 02:10:48',1);
/*!40000 ALTER TABLE `tbl_destinos` ENABLE KEYS */;
UNLOCK TABLES;

--
-- Table structure for table `tbl_direcciones`
--

DROP TABLE IF EXISTS `tbl_direcciones`;
/*!40101 SET @saved_cs_client     = @@character_set_client */;
/*!50503 SET character_set_client = utf8mb4 */;
CREATE TABLE `tbl_direcciones` (
  `id_direccion` int NOT NULL AUTO_INCREMENT,
  `calle` varchar(150) DEFAULT NULL,
  `num_int` varchar(150) DEFAULT NULL,
  `num_ext` varchar(150) DEFAULT NULL,
  `cp` int DEFAULT NULL,
  `colonia` varchar(350) DEFAULT NULL,
  `ciudad` varchar(350) DEFAULT NULL,
  PRIMARY KEY (`id_direccion`)
) ENGINE=InnoDB AUTO_INCREMENT=5 DEFAULT CHARSET=utf8mb3;
/*!40101 SET character_set_client = @saved_cs_client */;

--
-- Dumping data for table `tbl_direcciones`
--

LOCK TABLES `tbl_direcciones` WRITE;
/*!40000 ALTER TABLE `tbl_direcciones` DISABLE KEYS */;
INSERT INTO `tbl_direcciones` VALUES (1,'60 Nte',NULL,'299',97118,'Zona Industrial, Revolución','Mérida');
/*!40000 ALTER TABLE `tbl_direcciones` ENABLE KEYS */;
UNLOCK TABLES;

--
-- Table structure for table `tbl_direcciones_webhook`
--

DROP TABLE IF EXISTS `tbl_direcciones_webhook`;
/*!40101 SET @saved_cs_client     = @@character_set_client */;
/*!50503 SET character_set_client = utf8mb4 */;
CREATE TABLE `tbl_direcciones_webhook` (
  `id_direccion` int NOT NULL AUTO_INCREMENT,
  `empresa_id` int NOT NULL,
  `nombre` varchar(500) CHARACTER SET utf8mb3 COLLATE utf8mb3_unicode_ci NOT NULL,
  `direccion` varchar(500) CHARACTER SET utf8mb3 COLLATE utf8mb3_unicode_ci NOT NULL,
  `duracion` varchar(10) CHARACTER SET utf8mb3 COLLATE utf8mb3_unicode_ci NOT NULL,
  `distancia` varchar(10) CHARACTER SET utf8mb3 COLLATE utf8mb3_unicode_ci NOT NULL,
  `precio` varchar(10) CHARACTER SET utf8mb3 COLLATE utf8mb3_unicode_ci NOT NULL,
  `tipo` varchar(50) CHARACTER SET utf8mb3 COLLATE utf8mb3_unicode_ci NOT NULL,
  PRIMARY KEY (`id_direccion`)
) ENGINE=InnoDB AUTO_INCREMENT=11 DEFAULT CHARSET=utf8mb3 COLLATE=utf8mb3_unicode_ci;
/*!40101 SET character_set_client = @saved_cs_client */;

--
-- Dumping data for table `tbl_direcciones_webhook`
--

LOCK TABLES `tbl_direcciones_webhook` WRITE;
/*!40000 ALTER TABLE `tbl_direcciones_webhook` DISABLE KEYS */;
INSERT INTO `tbl_direcciones_webhook` VALUES (3,2,'AEROPUERTO MERIDA','AEROPUERTO INTERNACIONAL DE MéRIDA, MéRIDA, YUC., MéXICO','','','','origen'),(4,2,'GRAN PLAZA MERIDA','GRAN PLAZA, GONZALO GUERRERO, MéRIDA, YUC., MéXICO','35','15.2','450.00','destino'),(5,2,'CENTRO MEDICO PENSIONES','CENTRO MéDICO PENSIONES, CALLE 7, GARCíA GINERéS, MéRIDA, YUC., MéXICO','22','9','280.00','destino'),(6,2,'ANAHUAC MAYAB','UNIVERSIDAD ANáHUAC MAYAB, CARR. MéRIDA - PROGRESO, MéRIDA, YUC., MéXICO','44','29','700.00','destino'),(7,2,'MERCADO SAN BENITO','MERCADO SAN BENITO, CALLE 54, CENTRO, MéRIDA, YUC., MéXICO','22','8.1','350.00','destino'),(8,2,'CITY CENTER MERIDA','CITY CENTER, AVENIDA ANDRéS GARCíA LAVíN, SAN RAMóN NORTE, MéRIDA, YUC., MéXICO','33','23','550.00','destino'),(9,1,'AEROPUERTO MERIDA','AEROPUERTO INTERNACIONAL DE MéRIDA, MéRIDA, YUC., MéXICO','','','','origen'),(10,1,'ALCALA MARTIN','ALCALá MARTíN, MéRIDA, YUC., MéXICO','26','10.7','450.00','destino');
/*!40000 ALTER TABLE `tbl_direcciones_webhook` ENABLE KEYS */;
UNLOCK TABLES;

--
-- Table structure for table `tbl_empresas`
--

DROP TABLE IF EXISTS `tbl_empresas`;
/*!40101 SET @saved_cs_client     = @@character_set_client */;
/*!50503 SET character_set_client = utf8mb4 */;
CREATE TABLE `tbl_empresas` (
  `id_empresa` int NOT NULL AUTO_INCREMENT,
  `empresa` varchar(150) DEFAULT NULL,
  `logo_path` varchar(350) DEFAULT NULL,
  `webhook` int DEFAULT NULL,
  `activo` int DEFAULT NULL,
  PRIMARY KEY (`id_empresa`)
) ENGINE=InnoDB AUTO_INCREMENT=3 DEFAULT CHARSET=utf8mb3;
/*!40101 SET character_set_client = @saved_cs_client */;

--
-- Dumping data for table `tbl_empresas`
--

LOCK TABLES `tbl_empresas` WRITE;
/*!40000 ALTER TABLE `tbl_empresas` DISABLE KEYS */;
INSERT INTO `tbl_empresas` VALUES (1,'Frente Único de Trabajadores del Volante','/img/Empresas/MiTaxi/futv-logo-vertical.png',0,1),(2,'MyRide','/img/Empresas/MyRide/logo.png',1,1);
/*!40000 ALTER TABLE `tbl_empresas` ENABLE KEYS */;
UNLOCK TABLES;

--
-- Table structure for table `tbl_facturas`
--

DROP TABLE IF EXISTS `tbl_facturas`;
/*!40101 SET @saved_cs_client     = @@character_set_client */;
/*!50503 SET character_set_client = utf8mb4 */;
CREATE TABLE `tbl_facturas` (
  `id_factura` int NOT NULL AUTO_INCREMENT,
  `razon_social` varchar(400) DEFAULT NULL,
  `rfc` varchar(20) DEFAULT NULL,
  `calle` varchar(400) DEFAULT NULL,
  `no_calle` varchar(200) DEFAULT NULL,
  `ciudad` varchar(400) DEFAULT NULL,
  `estado` varchar(500) DEFAULT NULL,
  `codigo_postal` varchar(10) DEFAULT NULL,
  `pais` varchar(400) DEFAULT NULL,
  PRIMARY KEY (`id_factura`)
) ENGINE=InnoDB AUTO_INCREMENT=6 DEFAULT CHARSET=utf8mb3;
/*!40101 SET character_set_client = @saved_cs_client */;

--
-- Dumping data for table `tbl_facturas`
--

LOCK TABLES `tbl_facturas` WRITE;
/*!40000 ALTER TABLE `tbl_facturas` DISABLE KEYS */;
INSERT INTO `tbl_facturas` VALUES (1,'Omar cruz','Cuno771110px6','81c','812','Merida','Yucatan','97000','MX'),(2,'Omar cruz','Cuno771110px6','81c','812','Merida','Yucatan','97000','MX'),(3,'Omar cruz','Cuno771110px6','81c','812','Merida','Yucatan','97000','MX'),(5,'Omar cruz','Cuno771110px6','81c','812','Merida','Yucatan','97000','MX');
/*!40000 ALTER TABLE `tbl_facturas` ENABLE KEYS */;
UNLOCK TABLES;

--
-- Table structure for table `tbl_fotografias`
--

DROP TABLE IF EXISTS `tbl_fotografias`;
/*!40101 SET @saved_cs_client     = @@character_set_client */;
/*!50503 SET character_set_client = utf8mb4 */;
CREATE TABLE `tbl_fotografias` (
  `id_fotografia` int NOT NULL AUTO_INCREMENT,
  `namespace` varchar(150) DEFAULT NULL,
  `path` varchar(350) DEFAULT NULL,
  `extension` varchar(10) DEFAULT NULL,
  `dtCreacion` datetime DEFAULT NULL,
  `activo` int DEFAULT NULL,
  PRIMARY KEY (`id_fotografia`)
) ENGINE=InnoDB AUTO_INCREMENT=7 DEFAULT CHARSET=utf8mb3;
/*!40101 SET character_set_client = @saved_cs_client */;

--
-- Dumping data for table `tbl_fotografias`
--

LOCK TABLES `tbl_fotografias` WRITE;
/*!40000 ALTER TABLE `tbl_fotografias` DISABLE KEYS */;
INSERT INTO `tbl_fotografias` VALUES (1,'image','/img/Empresas/MyRide/vehiculos/1730059428.jpg','jpg','2024-10-27 08:03:48',1),(2,'url','https://img.freepik.com/foto-gratis/vista-coche-3d_23-2150796894.jpg','jpg','2024-10-23 11:39:58',1),(3,'image','/img/Empresas/MyRide/operadores/1729970465.png','png','2024-10-26 07:21:05',1),(4,'image','/img/Empresas/MyRide/operadores/1729971592.jpg','jpg','2024-10-26 07:39:51',1),(5,'image','/img/Empresas/MyRide/operadores/1730656703.jpg','jpg','2024-11-03 05:58:23',1),(6,'image','/img/Empresas/MyRide/vehiculos/1730060382.png','png','2024-10-27 08:19:42',1);
/*!40000 ALTER TABLE `tbl_fotografias` ENABLE KEYS */;
UNLOCK TABLES;

--
-- Table structure for table `tbl_menu`
--

DROP TABLE IF EXISTS `tbl_menu`;
/*!40101 SET @saved_cs_client     = @@character_set_client */;
/*!50503 SET character_set_client = utf8mb4 */;
CREATE TABLE `tbl_menu` (
  `id_menu` int NOT NULL AUTO_INCREMENT,
  `titulo` varchar(150) DEFAULT NULL,
  `icono` varchar(50) DEFAULT NULL,
  `ruta` varchar(150) DEFAULT NULL,
  `dtCreacion` datetime DEFAULT NULL,
  `activo` int DEFAULT NULL,
  PRIMARY KEY (`id_menu`)
) ENGINE=InnoDB AUTO_INCREMENT=4 DEFAULT CHARSET=utf8mb3;
/*!40101 SET character_set_client = @saved_cs_client */;

--
-- Dumping data for table `tbl_menu`
--

LOCK TABLES `tbl_menu` WRITE;
/*!40000 ALTER TABLE `tbl_menu` DISABLE KEYS */;
INSERT INTO `tbl_menu` VALUES (1,'Inicio','uil--home-alt','admin.home','2024-10-12 00:00:00',1),(2,'Destinos','oi--map-marker','admin.destinos','2024-10-12 00:00:00',1),(3,'Vehiculos','hugeicons--police-car','admin.vehiculos','2024-10-12 00:00:00',1);
/*!40000 ALTER TABLE `tbl_menu` ENABLE KEYS */;
UNLOCK TABLES;

--
-- Table structure for table `tbl_operadores`
--

DROP TABLE IF EXISTS `tbl_operadores`;
/*!40101 SET @saved_cs_client     = @@character_set_client */;
/*!50503 SET character_set_client = utf8mb4 */;
CREATE TABLE `tbl_operadores` (
  `id_operador` int NOT NULL AUTO_INCREMENT,
  `fotografia_id` int DEFAULT NULL,
  `nombres` varchar(150) DEFAULT NULL,
  `apellidos` varchar(150) DEFAULT NULL,
  `correo` varchar(100) DEFAULT NULL,
  `telefono` varchar(10) DEFAULT NULL,
  `no_licencia` varchar(50) DEFAULT NULL,
  `dtVigencia` date DEFAULT NULL,
  `curp` varchar(18) DEFAULT NULL,
  `edad` varchar(2) DEFAULT NULL,
  `dtNacimiento` date DEFAULT NULL,
  `dtIngreso` date DEFAULT NULL,
  `dtBaja` date DEFAULT NULL,
  `status` int DEFAULT NULL,
  `direccion` varchar(350) DEFAULT NULL,
  `dtCreacion` datetime DEFAULT NULL,
  `activo` int DEFAULT NULL,
  PRIMARY KEY (`id_operador`)
) ENGINE=InnoDB AUTO_INCREMENT=9 DEFAULT CHARSET=utf8mb3;
/*!40101 SET character_set_client = @saved_cs_client */;

--
-- Dumping data for table `tbl_operadores`
--

LOCK TABLES `tbl_operadores` WRITE;
/*!40000 ALTER TABLE `tbl_operadores` DISABLE KEYS */;
INSERT INTO `tbl_operadores` VALUES (1,0,'JADED ENRIQUE','RUIZ PECH','jadedruiz19995@gmail.com','218371','1234','2024-10-16','','23',NULL,NULL,NULL,1,'','2024-10-26 07:14:04',1),(2,0,'JADED ENRIQUE','RUIZ PECH','jadedruiz19995@gmail.com','9992726485','1294127','2024-10-17','RUPJ951215HYNZCD02','28','2024-10-16','2024-10-24','2024-10-17',1,'','2024-10-26 07:19:58',1),(3,3,'RENAN','BARRERA','jadedruiz19995@gmail.com','9992726495','12941227','2024-10-31','RUPJ951215HYNZCD01','43','2024-10-16','2024-10-24','2024-10-17',1,'','2024-10-26 07:21:05',1),(4,4,'MARIA LARUA','ECHEVERRIA LOPEZ','marialuara@gmail.com','9994145595','124987','2024-10-24','MARI141299MYNZCD93','24','2024-10-16','2024-10-24','2024-10-23',1,'','2024-10-26 07:39:52',1),(5,5,'MARIO ANTONIO','CETINA SOLIS','mariocetina@gmail.com','9993134323','91284109782','2024-10-31','MARI871223HYNZBV03','34','2024-10-24','2024-10-31','2024-10-17',1,'','2024-11-03 05:58:23',1),(6,0,'ESTO ES','UNA PRUEBA','correoprueba@gmail.com','9992726485','12839126','2024-10-31','RUPJ951215HYNZCD03','34','2024-10-31','2024-10-31','2024-10-24',2,'','2024-10-27 02:41:46',1),(7,0,'OTRA','PRUEBA',NULL,'9993134924','4982734','2024-10-31','','23',NULL,NULL,NULL,3,'','2024-10-27 02:43:02',1),(8,0,'ESTE ES','OTRO MEN','otromen@gmail.com','9999999999','99999999','2024-10-18','999999999999999999','99','2024-10-31','2024-10-31','2024-10-30',1,'','2024-10-27 03:28:16',1);
/*!40000 ALTER TABLE `tbl_operadores` ENABLE KEYS */;
UNLOCK TABLES;

--
-- Table structure for table `tbl_origenes`
--

DROP TABLE IF EXISTS `tbl_origenes`;
/*!40101 SET @saved_cs_client     = @@character_set_client */;
/*!50503 SET character_set_client = utf8mb4 */;
CREATE TABLE `tbl_origenes` (
  `id_origen` int NOT NULL AUTO_INCREMENT,
  `origen` varchar(500) DEFAULT NULL,
  `direccion_id` int DEFAULT NULL,
  `activo` int DEFAULT NULL,
  PRIMARY KEY (`id_origen`)
) ENGINE=InnoDB AUTO_INCREMENT=2 DEFAULT CHARSET=utf8mb3;
/*!40101 SET character_set_client = @saved_cs_client */;

--
-- Dumping data for table `tbl_origenes`
--

LOCK TABLES `tbl_origenes` WRITE;
/*!40000 ALTER TABLE `tbl_origenes` DISABLE KEYS */;
INSERT INTO `tbl_origenes` VALUES (1,'TERMINAL DE AUTOBUSES ADO',NULL,1);
/*!40000 ALTER TABLE `tbl_origenes` ENABLE KEYS */;
UNLOCK TABLES;

--
-- Table structure for table `tbl_perfiles`
--

DROP TABLE IF EXISTS `tbl_perfiles`;
/*!40101 SET @saved_cs_client     = @@character_set_client */;
/*!50503 SET character_set_client = utf8mb4 */;
CREATE TABLE `tbl_perfiles` (
  `id_perfil` int NOT NULL AUTO_INCREMENT,
  `perfil` varchar(250) DEFAULT NULL,
  `lectura` int DEFAULT NULL,
  `escritura` int DEFAULT NULL,
  `edicion` int DEFAULT NULL,
  `depuracion` int DEFAULT NULL,
  `dtCreacion` date DEFAULT NULL,
  `activo` int DEFAULT NULL,
  PRIMARY KEY (`id_perfil`)
) ENGINE=InnoDB AUTO_INCREMENT=4 DEFAULT CHARSET=utf8mb3;
/*!40101 SET character_set_client = @saved_cs_client */;

--
-- Dumping data for table `tbl_perfiles`
--

LOCK TABLES `tbl_perfiles` WRITE;
/*!40000 ALTER TABLE `tbl_perfiles` DISABLE KEYS */;
INSERT INTO `tbl_perfiles` VALUES (1,'Administrador',1,1,1,1,'2024-11-10',1),(2,'Operador',1,0,1,0,'2024-11-10',1),(3,'Cajera',1,0,0,0,'2024-11-10',1);
/*!40000 ALTER TABLE `tbl_perfiles` ENABLE KEYS */;
UNLOCK TABLES;

--
-- Table structure for table `tbl_turnos`
--

DROP TABLE IF EXISTS `tbl_turnos`;
/*!40101 SET @saved_cs_client     = @@character_set_client */;
/*!50503 SET character_set_client = utf8mb4 */;
CREATE TABLE `tbl_turnos` (
  `id_turno` int NOT NULL AUTO_INCREMENT,
  `vehiculo_operador_id` int DEFAULT NULL,
  `empresa_id` int DEFAULT NULL,
  `dtCreacion` datetime DEFAULT NULL,
  `activo` int DEFAULT NULL,
  PRIMARY KEY (`id_turno`)
) ENGINE=InnoDB AUTO_INCREMENT=11 DEFAULT CHARSET=utf8mb3;
/*!40101 SET character_set_client = @saved_cs_client */;

--
-- Dumping data for table `tbl_turnos`
--

LOCK TABLES `tbl_turnos` WRITE;
/*!40000 ALTER TABLE `tbl_turnos` DISABLE KEYS */;
INSERT INTO `tbl_turnos` VALUES (6,2,2,'2024-11-03 02:12:57',0),(7,1,2,'2024-11-03 02:14:48',0),(8,NULL,2,'2024-11-10 01:01:37',1),(9,6,2,'2024-11-10 01:06:47',1),(10,7,2,'2024-11-10 01:08:01',1);
/*!40000 ALTER TABLE `tbl_turnos` ENABLE KEYS */;
UNLOCK TABLES;

--
-- Table structure for table `tbl_usuarios`
--

DROP TABLE IF EXISTS `tbl_usuarios`;
/*!40101 SET @saved_cs_client     = @@character_set_client */;
/*!50503 SET character_set_client = utf8mb4 */;
CREATE TABLE `tbl_usuarios` (
  `id_usuario` int NOT NULL AUTO_INCREMENT,
  `perfil_id` int DEFAULT NULL,
  `nombre` varchar(150) DEFAULT NULL,
  `usuario` varchar(150) DEFAULT NULL,
  `password` varchar(150) DEFAULT NULL,
  `empresa_id` int DEFAULT NULL,
  `activo` int DEFAULT NULL,
  PRIMARY KEY (`id_usuario`)
) ENGINE=InnoDB AUTO_INCREMENT=6 DEFAULT CHARSET=utf8mb3;
/*!40101 SET character_set_client = @saved_cs_client */;

--
-- Dumping data for table `tbl_usuarios`
--

LOCK TABLES `tbl_usuarios` WRITE;
/*!40000 ALTER TABLE `tbl_usuarios` DISABLE KEYS */;
INSERT INTO `tbl_usuarios` VALUES (1,NULL,'Admin Ado','admin.futv','eVjIwMVZ3PT0=0djIwMjQYx=',1,1),(2,NULL,'Admin MyRide','admin.myride','LVm0weGQxSXlSWGRPVldoVVYwZDRWbGxYY3pGVmJGcHlWV3RLVUZWVU1Eaz0=yaWRlMjAyNA=tz=',2,1),(3,NULL,'Vendedor Ado','vende.futv','eV2tjeFZ3PT0=uZGVkb3IyMDIYx0',1,1),(4,3,'Caja No.1','cajauno.myride','LVm0wd2VFNUhSWGROVldoVVYwZDRWMWxzVWxkVmJGcHlWV3RLVUZWVU1Eaz0=1XzBHOXktz=',2,1),(5,2,'Operador MyRide','operador.myride','AVmtSQ1UxUm5QVDA95NkttMC8Yt=',2,1);
/*!40000 ALTER TABLE `tbl_usuarios` ENABLE KEYS */;
UNLOCK TABLES;

--
-- Table structure for table `tbl_vehiculos`
--

DROP TABLE IF EXISTS `tbl_vehiculos`;
/*!40101 SET @saved_cs_client     = @@character_set_client */;
/*!50503 SET character_set_client = utf8mb4 */;
CREATE TABLE `tbl_vehiculos` (
  `id_vehiculo` int NOT NULL AUTO_INCREMENT,
  `fotografia_id` int DEFAULT NULL,
  `vehiculo` varchar(500) DEFAULT NULL,
  `marca` varchar(150) DEFAULT NULL,
  `modelo` varchar(150) DEFAULT NULL,
  `placa` varchar(150) DEFAULT NULL,
  `no_serie` varchar(100) DEFAULT NULL,
  `aseguradora` varchar(100) DEFAULT NULL,
  `poliza` varchar(100) DEFAULT NULL,
  `dtFinPoliza` date DEFAULT NULL,
  `notas` varchar(500) DEFAULT NULL,
  `dtCreacion` datetime DEFAULT NULL,
  `activo` int DEFAULT NULL,
  PRIMARY KEY (`id_vehiculo`)
) ENGINE=InnoDB AUTO_INCREMENT=4 DEFAULT CHARSET=utf8mb3;
/*!40101 SET character_set_client = @saved_cs_client */;

--
-- Dumping data for table `tbl_vehiculos`
--

LOCK TABLES `tbl_vehiculos` WRITE;
/*!40000 ALTER TABLE `tbl_vehiculos` DISABLE KEYS */;
INSERT INTO `tbl_vehiculos` VALUES (1,1,'TSURU II','NISSAN','2005','MY-94J-23','9489','BANORTE','12084','2024-10-25','NOTAS','2024-10-23 11:25:05',1),(2,2,'SEDAN','NISSAN','2019','IU-213-123','123097','BANORTE','9123713','2024-10-03','ASDAD','2024-10-23 11:39:58',1),(3,6,'VERSA','NISSAN','2023','GY-9UH-G8','123412','AXXA','124512','2024-10-18','','2024-10-27 08:19:42',1);
/*!40000 ALTER TABLE `tbl_vehiculos` ENABLE KEYS */;
UNLOCK TABLES;

--
-- Table structure for table `tbl_viajes`
--

DROP TABLE IF EXISTS `tbl_viajes`;
/*!40101 SET @saved_cs_client     = @@character_set_client */;
/*!50503 SET character_set_client = utf8mb4 */;
CREATE TABLE `tbl_viajes` (
  `id_viaje` int NOT NULL AUTO_INCREMENT,
  `empresa_id` int NOT NULL,
  `folio` varchar(20) DEFAULT NULL,
  `nombre_viaje` varchar(300) DEFAULT NULL,
  `status` varchar(500) DEFAULT NULL,
  `tipo_servicio` varchar(150) DEFAULT NULL,
  `tipo_viaje` varchar(150) DEFAULT NULL,
  `comentarios` varchar(500) DEFAULT NULL,
  `date_creacion` datetime DEFAULT NULL,
  PRIMARY KEY (`id_viaje`)
) ENGINE=InnoDB AUTO_INCREMENT=37 DEFAULT CHARSET=utf8mb3;
/*!40101 SET character_set_client = @saved_cs_client */;

--
-- Dumping data for table `tbl_viajes`
--

LOCK TABLES `tbl_viajes` WRITE;
/*!40000 ALTER TABLE `tbl_viajes` DISABLE KEYS */;
INSERT INTO `tbl_viajes` VALUES (1,1,'FV-20240909070904','Reserva FV-20240909070904','1','Mi Taxi','Viaje Sencillo','VIAJE MI TAXI','2024-09-09 07:09:04'),(2,1,'FV-20240910090938','Viaje Reservado','1','Mi Taxi','Viaje Sencillo','VIAJE MI TAXI','2024-09-10 09:09:38'),(3,1,'FV-20240910090954','Viaje Reservado','1','Mi Taxi','Viaje Sencillo','VIAJE MI TAXI','2024-09-10 09:09:54'),(4,1,'FV-20240912070946','Viaje Reservado','1','Mi Taxi','Viaje Sencillo','VIAJE MI TAXI','2024-09-12 07:09:46'),(5,1,'FV-20240912070929','Viaje Reservado','1','Mi Taxi','Viaje Sencillo','VIAJE MI TAXI','2024-09-12 07:09:29'),(6,1,'FV-20240912070926','Viaje Reservado','1','Mi Taxi','Viaje Sencillo','VIAJE MI TAXI','2024-09-12 07:09:26'),(7,1,'FV-20240912070945','Viaje Reservado','1','Mi Taxi','Viaje Sencillo','VIAJE MI TAXI','2024-09-12 07:09:45'),(8,1,'FV-20240912070953','Viaje Reservado','1','Mi Taxi','Viaje Sencillo','VIAJE MI TAXI','2024-09-12 07:09:53'),(9,1,'FV-20240912080910','Viaje Reservado','1','Mi Taxi','Viaje Sencillo','VIAJE MI TAXI','2024-09-12 08:09:10'),(10,1,'FV-20240912090927','Viaje Reservado','1','TAXI SEGURO ADO','Viaje Sencillo','Sin comentarios','2024-09-12 09:09:27'),(11,1,'FV-20240917030929','Viaje Reservado','1','TAXI SEGURO ADO','Viaje Sencillo','Sin comentarios','2024-09-17 03:09:29'),(12,1,'FV-20240917090910','Viaje Reservado','1','TAXI SEGURO ADO','Viaje Sencillo','Sin comentarios','2024-09-17 09:09:10'),(13,1,'FV-20240917120954','Viaje Reservado','1','TAXI SEGURO ADO','Viaje Sencillo','Sin comentarios','2024-09-17 12:09:54'),(14,1,'FV-20240919110920','Viaje Reservado','1','TAXI SEGURO ADO','Viaje Sencillo','Sin comentarios','2024-09-19 11:09:20'),(15,1,'FV-20240919030908','Viaje Reservado','1','TAXI SEGURO ADO','Viaje Sencillo','Sin comentarios','2024-09-19 03:09:08'),(16,1,'FV-20240919040941','Viaje Reservado','1','TAXI SEGURO ADO','Viaje Sencillo','Sin comentarios','2024-09-19 04:09:41'),(17,1,'FV-20240919070929','Viaje Reservado','1','TAXI SEGURO ADO','Viaje Sencillo','Sin comentarios','2024-09-19 07:09:29'),(18,1,'FV-20240920110902','Viaje Reservado','1','TAXI SEGURO ADO','Viaje Sencillo','Sin comentarios','2024-09-20 11:09:02'),(20,2,'24142','Reserva Myride 24142','Pending','Distancia','Viaje sencillo',NULL,'2024-09-11 07:30:00'),(21,2,'24144','Reserva Myride 24144','En servicio','Distancia','Viaje sencillo',NULL,'2024-09-21 06:00:00'),(22,2,'24145','Reserva Myride 24145','Pending','Distancia','Viaje sencillo',NULL,'2024-09-20 14:28:00'),(23,2,'24146','Reserva Myride 24146','En servicio','Distancia','Viaje sencillo',NULL,'2024-09-22 05:30:00'),(24,2,'24147','Reserva Myride 24147','En servicio','Distancia','Viaje sencillo',NULL,'2024-09-28 23:30:00'),(25,2,'24148','Reserva Myride 24148','En servicio','Distancia','Viaje sencillo',NULL,'2024-09-26 19:25:00'),(26,1,'FV-20240926050959','Viaje Reservado','Pendiente','TAXI SEGURO ADO','Viaje Sencillo','Sin comentarios','2024-09-26 05:09:59'),(27,1,'FV-20240928030942','Viaje Reservado','Pendiente','TAXI SEGURO ADO','Viaje Sencillo','Sin comentarios','2024-09-28 03:09:42'),(28,1,'FV-20241002021019','Viaje Reservado','Pendiente','TAXI SEGURO ADO','Viaje Sencillo','Sin comentarios','2024-10-02 02:10:19'),(29,1,'FV-20241002021046','Viaje Reservado','Pendiente','TAXI SEGURO ADO','Viaje Sencillo','Sin comentarios','2024-10-02 02:10:46'),(30,1,'FV-20241005111005','Viaje Reservado','Pendiente','TAXI SEGURO ADO','Viaje Sencillo','Sin comentarios','2024-10-05 11:10:05'),(31,1,'FV-20241010091057','Viaje Reservado','Pendiente','TAXI SEGURO ADO','Viaje Sencillo','Sin comentarios','2024-10-10 09:10:57'),(32,2,'24462','Reserva Myride 24462','Pending','Distancia','Viaje sencillo',NULL,'2024-11-10 14:00:00'),(33,2,'24462','Reserva Myride 24462','Pending','Distancia','Viaje sencillo',NULL,'2024-11-10 14:00:00'),(34,2,'24462','Reserva Myride 24462','Pending','Distancia','Viaje sencillo',NULL,'2024-11-10 14:00:00'),(36,2,'24462','Reserva Myride 24462','Pending','Distancia','Viaje sencillo',NULL,'2024-11-10 14:00:00');
/*!40000 ALTER TABLE `tbl_viajes` ENABLE KEYS */;
UNLOCK TABLES;
/*!40103 SET TIME_ZONE=@OLD_TIME_ZONE */;

/*!40101 SET SQL_MODE=@OLD_SQL_MODE */;
/*!40014 SET FOREIGN_KEY_CHECKS=@OLD_FOREIGN_KEY_CHECKS */;
/*!40014 SET UNIQUE_CHECKS=@OLD_UNIQUE_CHECKS */;
/*!40101 SET CHARACTER_SET_CLIENT=@OLD_CHARACTER_SET_CLIENT */;
/*!40101 SET CHARACTER_SET_RESULTS=@OLD_CHARACTER_SET_RESULTS */;
/*!40101 SET COLLATION_CONNECTION=@OLD_COLLATION_CONNECTION */;
/*!40111 SET SQL_NOTES=@OLD_SQL_NOTES */;

-- Dump completed on 2024-11-10 13:30:30
